カテゴリ,確認事項,回答・決定事項,チェック,備考
1. インフラ維持費（毎月）,"Vercel（画面配信用サーバー）のProプラン化【月額 約3,000円（20ドル）】
※無料版は商用利用規約違反によりシステム停止リスクがあるため必須。",了承,✓,2026/9/13（日）
1. インフラ維持費（毎月）,"Supabase（DB・認証サーバー）のProプラン化【月額 約3,800円（25ドル）】
※無料版は1週間アクセスがないと自動停止し、自動バックアップもないため必須。",了承,✓,2026/9/13（日）
1. インフラ維持費（毎月）,"独自ドメイン（オリジナルURL）の取得【月額 約200円（年1500〜3000円）】
※「scouter-sys.com」等、自社専用のURLにするため必須。",保留,✓,
2. データの「他社公開」方針,"【現在の仕様】ユーザーは「自社が登録したデータ」しか閲覧できない隔離状態です。
【確認】「管理者の承認が下りたデータ」については、システムに参加している全企業で検索・閲覧できるように制限を解除してよいか？",登録データは自社、検索は全社,✓,
3. 利用規約の見せ方,事前に書面同意を得ている前提で、システム上（フッターや登録画面）にも念のため「利用規約」や「プライバシーポリシー」の文章を掲載しておく必要はあるか？,なし,✓,
3. 利用規約の見せ方,新規登録画面に「書面にて利用規約に同意済みです」といった確認用のチェックボックスを設けるか、それとも完全に不要とするか？,なし,✓,
4. 追加機能の要否,電話番号の登録：ユーザー登録時やお問い合わせ時に「電話番号」を取得できるようにするか？,任意で登録可に変更,✓,
4. 追加機能の要否,お知らせ機能：システム休止やアップデート情報などを、ダッシュボード上で発信できる機能を追加するか？,お知らせ作成 + メンテナンス画面作成,✓,
4. 追加機能の要否,統計データの表示：「現在の総登録件数」などをダッシュボードに表示し、システムが活発に動いていることをアピールするか？,一定人数以上登録がされたら開始,✓,
